{
  "run_date": "2026-02-18 23:28",
  "qwk": 0.9486,
  "mse": 3.8802,
  "r2": 0.9502,
  "n_total": 12976,
  "n_train": 9342,
  "n_val": 1038,
  "n_test": 2596,
  "epochs": 100,
  "lr": 0.01,
  "epoch_log": [
    [
      1,
      101.3973617553711,
      99.73772430419922
    ],
    [
      10,
      59.563079833984375,
      60.795169830322266
    ],
    [
      20,
      32.28675079345703,
      32.58970642089844
    ],
    [
      30,
      14.747550010681152,
      14.771681785583496
    ],
    [
      40,
      6.193413257598877,
      7.135557651519775
    ],
    [
      50,
      3.076364517211914,
      3.9875097274780273
    ],
    [
      60,
      2.161761999130249,
      3.908637762069702
    ],
    [
      70,
      1.788068413734436,
      3.5932319164276123
    ],
    [
      80,
      1.6015269756317139,
      3.5953619480133057
    ],
    [
      90,
      1.325120449066162,
      3.6328253746032715
    ],
    [
      100,
      1.2185927629470825,
      3.7634620666503906
    ]
  ]
}